{
  "boundary":
  {
    "area": 16366.14808,
    "avg_pt_per_sq_unit": 0.06831037222,
    "avg_pt_spacing": 0.150817942,
    "boundary": "MULTIPOLYGON (((459031.53 1191648.4,459032.03 1191651.0,459035.03 1191652.7,459037.53 1191651.9,459041.03 1191654.5,459046.53 1191653.6,459051.03 1191656.2,459051.53 1191662.3,459049.53 1191664.0,459051.53 1191665.7,459055.53 1191665.7,459056.03 1191663.1,459060.03 1191663.1,459063.53 1191660.5,459066.03 1191661.4,459066.53 1191664.0,459075.03 1191663.1,459078.03 1191664.9,459081.03 1191663.1,459081.53 1191665.7,459084.53 1191667.4,459084.53 1191670.9,459078.53 1191672.6,459078.03 1191677.0,459082.53 1191679.6,459085.53 1191677.8,459086.03 1191675.2,459088.53 1191674.4,459087.03 1191677.0,459092.03 1191680.4,459090.03 1191682.2,459092.03 1191685.6,459088.53 1191688.2,459090.53 1191691.7,459096.53 1191693.4,459096.03 1191697.8,459098.03 1191699.5,459096.03 1191701.2,459098.03 1191704.7,459096.03 1191706.4,459098.03 1191708.2,459098.03 1191715.1,459096.03 1191716.8,459096.53 1191729.8,459094.53 1191731.5,459095.03 1191735.9,459093.03 1191737.6,459095.03 1191739.3,459093.03 1191741.1,459093.53 1191747.1,459091.53 1191748.9,459093.53 1191752.3,459090.03 1191754.9,459092.03 1191756.6,459090.03 1191758.4,459090.53 1191771.4,459088.53 1191773.1,459089.03 1191777.4,459087.03 1191779.2,459087.53 1191783.5,459085.53 1191785.2,459085.53 1191793.9,459081.53 1191795.6,459081.03 1191800.0,459077.03 1191798.2,459075.03 1191801.7,459071.03 1191803.4,459070.53 1191806.0,459066.03 1191808.6,459062.03 1191808.6,459061.53 1191811.2,459059.03 1191812.1,459057.03 1191815.5,459052.53 1191812.9,459048.53 1191812.9,459046.53 1191816.4,459040.53 1191819.9,459038.03 1191819.0,459036.53 1191816.4,459033.03 1191820.7,459033.03 1191825.9,459029.03 1191825.9,459025.53 1191823.3,459023.03 1191824.2,459022.53 1191821.6,459019.53 1191819.9,459017.03 1191820.7,459012.03 1191817.3,459009.53 1191818.1,459009.03 1191815.5,459006.03 1191813.8,459008.03 1191812.1,459004.53 1191806.0,459002.03 1191805.1,459002.03 1191801.7,458998.53 1191795.6,458996.03 1191796.5,458995.53 1191793.9,458993.03 1191794.8,458991.03 1191793.0,458988.53 1191793.9,458986.53 1191792.2,458984.03 1191793.0,458982.03 1191791.3,458978.03 1191791.3,458979.53 1191788.7,458979.53 1191785.2,458977.53 1191783.5,458979.53 1191781.8,458979.53 1191774.8,458977.53 1191773.1,458977.53 1191748.9,458979.53 1191747.1,458979.53 1191738.5,458973.53 1191736.7,458973.03 1191734.1,458968.53 1191731.5,458970.53 1191728.1,458974.53 1191728.1,458973.03 1191725.5,458975.03 1191723.7,458974.53 1191721.1,458978.03 1191718.5,458978.03 1191715.1,458981.03 1191713.3,458980.53 1191705.6,458982.53 1191703.8,458980.53 1191702.1,458984.03 1191697.8,458984.03 1191694.3,458982.03 1191690.8,458985.53 1191688.2,458985.53 1191684.8,458989.53 1191683.0,458990.03 1191680.4,458994.03 1191678.7,458994.53 1191676.1,459000.03 1191671.8,458998.53 1191669.2,459000.53 1191665.7,459003.03 1191664.9,459003.53 1191662.3,459006.03 1191661.4,459006.53 1191658.8,459009.03 1191657.9,459009.53 1191655.3,459015.03 1191654.5,459015.53 1191651.9,459018.53 1191653.6,459021.03 1191652.7,459021.53 1191657.1,459024.03 1191656.2,459025.53 1191658.8,459027.53 1191657.1,459026.03 1191652.7,459027.53 1191650.1,459031.53 1191648.4)))",
    "boundary_json": { "type": "MultiPolygon", "coordinates": [ [ [ [ 459031.529999990016222, 1191648.396062409970909 ], [ 459032.029999990016222, 1191650.994138620095327 ], [ 459035.029999990016222, 1191652.726189430104569 ], [ 459037.529999990016222, 1191651.860164029989392 ], [ 459041.029999990016222, 1191654.45824024011381 ], [ 459046.529999990016222, 1191653.592214839998633 ], [ 459051.029999990016222, 1191656.19029104989022 ], [ 459051.529999990016222, 1191662.252468870021403 ], [ 459049.529999990016222, 1191663.984519680030644 ], [ 459051.529999990016222, 1191665.716570490039885 ], [ 459055.529999990016222, 1191665.716570490039885 ], [ 459056.029999990016222, 1191663.118494279915467 ], [ 459060.029999990016222, 1191663.118494279915467 ], [ 459063.529999990016222, 1191660.520418070023879 ], [ 459066.029999990016222, 1191661.386443469906226 ], [ 459066.529999990016222, 1191663.984519680030644 ], [ 459075.029999980004504, 1191663.118494279915467 ], [ 459078.029999980004504, 1191664.850545089924708 ], [ 459081.029999980004504, 1191663.118494279915467 ], [ 459081.529999980004504, 1191665.716570490039885 ], [ 459084.529999980004504, 1191667.448621300049126 ], [ 459084.529999980004504, 1191670.912722910055891 ], [ 459078.529999980004504, 1191672.644773720065132 ], [ 459078.029999980004504, 1191676.97490073996596 ], [ 459082.529999980004504, 1191679.572976950090379 ], [ 459085.529999980004504, 1191677.840926140081137 ], [ 459086.029999980004504, 1191675.242849929956719 ], [ 459088.529999980004504, 1191674.376824530074373 ], [ 459087.029999980004504, 1191676.97490073996596 ], [ 459092.029999980004504, 1191680.439002349972725 ], [ 459090.029999980004504, 1191682.171053159981966 ], [ 459092.029999980004504, 1191685.635154780000448 ], [ 459088.529999980004504, 1191688.233230989892036 ], [ 459090.529999980004504, 1191691.6973325998988 ], [ 459096.529999980004504, 1191693.429383409908041 ], [ 459096.029999980004504, 1191697.759510430041701 ], [ 459098.029999980004504, 1191699.491561240050942 ], [ 459096.029999980004504, 1191701.223612040048465 ], [ 459098.029999980004504, 1191704.687713660066947 ], [ 459096.029999980004504, 1191706.419764470076188 ], [ 459098.029999980004504, 1191708.151815270073712 ], [ 459098.029999980004504, 1191715.080018500098959 ], [ 459096.029999980004504, 1191716.8120693101082 ], [ 459096.529999980004504, 1191729.802450370043516 ], [ 459094.529999980004504, 1191731.534501180052757 ], [ 459095.029999980004504, 1191735.864628199953586 ], [ 459093.029999980004504, 1191737.596678999951109 ], [ 459095.029999980004504, 1191739.32872980996035 ], [ 459093.029999980004504, 1191741.060780619969591 ], [ 459093.529999980004504, 1191747.122958440100774 ], [ 459091.529999980004504, 1191748.855009250110015 ], [ 459093.529999980004504, 1191752.319110869895667 ], [ 459090.029999980004504, 1191754.917187080020085 ], [ 459092.029999980004504, 1191756.649237890029326 ], [ 459090.029999980004504, 1191758.38128869002685 ], [ 459090.529999980004504, 1191771.371669749962166 ], [ 459088.529999980004504, 1191773.103720559971407 ], [ 459089.029999980004504, 1191777.433847580105066 ], [ 459087.029999980004504, 1191779.16589838010259 ], [ 459087.529999980004504, 1191783.496025400003418 ], [ 459085.529999980004504, 1191785.228076210012659 ], [ 459085.529999980004504, 1191793.888330250047147 ], [ 459081.529999980004504, 1191795.620381060056388 ], [ 459081.029999980004504, 1191799.950508079957217 ], [ 459077.029999980004504, 1191798.218457269947976 ], [ 459075.029999980004504, 1191801.68255887995474 ], [ 459071.029999990016222, 1191803.414609689963982 ], [ 459070.529999990016222, 1191806.0126859000884 ], [ 459066.029999990016222, 1191808.610762109979987 ], [ 459062.029999990016222, 1191808.610762109979987 ], [ 459061.529999990016222, 1191811.208838320104405 ], [ 459059.029999990016222, 1191812.074863729998469 ], [ 459057.029999990016222, 1191815.538965340005234 ], [ 459052.529999990016222, 1191812.940889130113646 ], [ 459048.529999990016222, 1191812.940889130113646 ], [ 459046.529999990016222, 1191816.404990749899298 ], [ 459040.529999990016222, 1191819.869092359906062 ], [ 459038.029999990016222, 1191819.003066960023716 ], [ 459036.529999990016222, 1191816.404990749899298 ], [ 459033.029999990016222, 1191820.735117770032957 ], [ 459033.029999990016222, 1191825.931270190048963 ], [ 459029.03000000002794, 1191825.931270190048963 ], [ 459025.53000000002794, 1191823.333193979924545 ], [ 459023.03000000002794, 1191824.199219380039722 ], [ 459022.53000000002794, 1191821.601143169915304 ], [ 459019.53000000002794, 1191819.869092359906062 ], [ 459017.03000000002794, 1191820.735117770032957 ], [ 459012.03000000002794, 